{"cameraMode":{"drawMode":0,"name":"Shaded","section":"Shading Mode"},"sceneLighting":true,"audioPlay":false,"sceneViewState":{"showFog":true,"showMaterialUpdate":false,"showSkybox":true,"showFlares":true,"showImageEffects":true,"showParticleSystems":true},"in2DMode":false,"pivot":{"x":0.252974271774292,"y":2.297548294067383,"z":-0.2972750663757324},"rotation":{"x":-0.022785549983382226,"y":0.8806505799293518,"z":-0.04256444051861763,"w":-0.47131961584091189},"size":4.272341251373291,"orthographic":false}